sha256,label
4B8C17F0F8BF27755DDAADB9B33B17FFBD6F785D7833300676AD70F43334D7F4,1
C75612647FF9D7733E7B952D02DBE800FAC161EBFEC6949D71A9D9A187835215,1
469332C457C8BC939A009EDF4B0B80EF202594413E087E20E88A84A915B4EBBC,1
BE1D28A1CEB51FEEBE191A8704ABFCD49AC2CC196548FEFCFD9DFEC8875B8EEF,1
C66DC6872B5D2C14FD362303D95A8BCC069AD046CEF3BDBCA3C504619C754275,1
C4D35894DC2703128788217A5645A8C05ABF3611DC6A720ED1A2735685E5B787,1
F6E1F835B4087765ABA6CC921F8D8A20BF8969F85E1859D2C770FAB31139AE42,1
9D3FF9ABA12C687CD2F22D409B1C41993C0BE89C1AE4FB200E17A5D1992C494F,1
AC6F1D21277EEBDD782917563377BAADC8CB5C390805E64FDFB48C74B2EACAC7,1
304F533CE9EA4A9EE5C19BC81C49838857C63469E26023F330823C3240EE4E03,1
474821348F482B541BAB675CCD5C90122888D6E1AF0231DFFD3060B719990180,1
C86CBF5E78C9F05ECFC11E4F2C147781CEF77842A457E19BA690477EB564C22B,1
D0213A305436DC0BBE0623E190F7095B218D302E6B1F509E2CA0EE7E1DEB5142,2
04A0FE701E2AD53CA0B3055D3E418469845A4B815A35EE4EEE354C50A1A9981F,2
3030087D6B630A6DE264268096C394DDB29F9533A0AF8E76016845D9D017446F,2
F65AE9CCF988A06A152F27A4C0D7992100A2D9D23D80EFE8D8C2A5C9BD78A3A7,2
194A7D99861FCB4293249A96D665DDD3BA9163C3F6A1889ED01D27DFF64DB595,2
DFB2371055F59D107BC364B788DB3CED1E6B90AFCC01B5742B2498D5C3701E8B,2
F0954774C91603FC2595F0BA0727B9AF4E80F6F9BE7BB629E7FB6BA4309ED4EA,2
F1F86F66D0080C8ED604B95740B6E2970BE3C8DA57C6397F5B541C00E3A1C962,2
DDED62AD85C0BDD68BCC96F88D8BA42D5AD0EF999911EBDEA3F561A4491EBBC6,2
85ED9760341AE770ACAD0121A33CEE9ABDA1A34E4D9F514B4BF258E8715C9635,2
157091B070DF84D5F8C08357B85D03B3A6ECF759D2DBE73C2EE32C469247B6C5,3
94BDA24559713C7B8BE91368C5016FC7679121FEA5D565D3D11B2BB5D5529340,3
F8DC94AD67B49FD6A8F5755A4ACCED0F585321E78122C2084872E6605A533F61,3
F3906BE01D51E2E1AE9B03CD09702B6E0794B9C9FD7DC04024F897E96BB13232,3
583F44EC64B5D8FA5FB228E840C3DD898214BB3B98AD5D3CEF870CA93F4CB02E,3
30B2DE0A802A65B4DB3A14593126301E6949C1249E68056158B2CC74798BAC97,3
A26E75FEC3B9F7D5A1C3D0CE1E89E4B0BEFB7A601DA0C69A4CF96301921771DD,3
02F1DE3E80054BBBE8579AA3BBBA81F18634D27E05D3A41C2A9E4448CC6187F7,3
C202E9D5B99F6137C7C07305C7314E55F52BAE832D460C44EFC8F2A90FF03615,3
60D43EBE3D0A8D58FE4B666FCCE820D14AADE7B750DDBEE464C017A0AD6B33DC,4
8E1561615508A54BB915D78B095F81A4735B9044ACD80A824ADC3FF58B722320,4
C77668C2C47F7B6D5720E9906506E8C70635407C6A09AF68089307780E0E760B,4
8A6757706C2C57D7848002B2794BA5477D7A489E07BC270A8501D61EDB1537B6,4
6DB2FFE7EC365058F9D3B48DCCA509507C138F19ADE1ADB5F13CF43EA0623813,4
6600CE01A83AAE1A777534BBFAFAE237BA15234FC8D6F939DB08E7995144E60C,4
FC7A86C4C399978EF39C0D9E97ADCA2CC3B100A5DA0FBAB283B5F93FC85D0ECD,4
032DF812A68852B6F3822B9EAC4435E531CA85BDAF3EE99C669134BD16E72820,4
2F80C88893840A58497A9F792E0CFD5E676A8DE3826CADC25F3DF81435AE4B6B,4
EBB9C4F7058E19B006450B8162910598BE90428998DF149977669E61A0B7B9ED,4
892922B04B1EB1CBFCB5658206AFEE44E70B43ED9E1D0992716F368139653987,4
9CA2FB93F16850F2643CF7C331B4F72199586E94ADD4C7C9515637B189E3B828,4
F785EF29D0C4E2FA27260F5D718BC4C4BF5DEC5838137D2C125C5483F5B824BA,4
99C3245018D3F64F18F4DC137E9AE5C920E4AB736C5F938D18AA04B7FCA6D265,4
E736228B9D59E263E93170F26543035BD52DC58C101F3424B3028888E4624885,4
B35ABC0BCDF128F833269D9FEB1D4BA5F257C0D96B857EC33E497ED101575ECB,4
24FC7DF8531E7B87047C33A0E21F8D84E8D91C23C96FE4776BF5C553F83C9E11,4
26FB7A611BF9BCB8CDD2D51A2403703797B3535CE7C38898B7896230E33C1D62,4
DDB8EDD5D5F2799A3CE0717E7F7AE6DFC2CA0C3127D3749BB4374372862E7D60,4
F8FD8E635C4ADAB55E5E2938433AF4EE9D35952C1332BAEA47325FFD39F5F819,4
8C086F47B51839BCF4B6F2C9643E0099C63798A4736D2C18E9AA3F7FA7F6D49B,5
DB0EA62ABB80A4B9299AFE95C2BAB1FD65E996F4113C6F4029E2C70E464B7E8D,5
AC8ED968D4D65A55B898F75E2E969EAE72DE189202B581467425E483EBAF5F10,5
5E098FC5A76B195D4266D50093D576A6D1DB52E8D2254BAC5D2004519FCC3C1B,5
BEC31FC132CFF00910CB07CF9D66C9FCF5FF511F8182B61622A18843F0FD5841,5
0A3A11F9D8A1FBA80DCAD6D450378973FBA7A3255CA66F610BFCED58D494488D,5
0BD948790ED88CE261B63799CA11AA7199107CED88F2D16D6F5797518C23A5C8,5
259010B3E5CF7D0985BC33BA7DAFCF5068ED7BFEC0E12EC93BEE114B6329E4E6,5
9088FF0552BEEEE85634A72D39EAB1E80C77B09C677C33559FD28F4BC92EA718,5
A06BB3B25E9D712853ED6E6235DB38FF803FD0942CC4061D2B2D70E4F2C531B4,5
60B4E4EC03C40BAED41100F00086441A19E54DDC85787E0AA62DEB6DD5FFB1F4,5
B78D7418F3353BB0778D338DEE462520A401B994CA5DB4B5358E3F8C2A242C96,5
64D9C9DED1E953468E204E018363280D7A71D8F02C16C49A3FD7340FBE4B83B6,5
CFAF863181E49906DF33F9104795678F2FB41A007A8FD066A84FD99F613D7EF3,6
4FD0C6187360C628BE002F8556B04856B3166ECD6A193F4885D7F85FCA0CB43F,6
CB374F08D1842B12CE11BD563E86525CC641C39B7584158ECECF1E90718F7D75,6
689BE4FA4158AB2980030FA0CB3FFD42DF51293D6F38D11C0B32804CFD28A2AC,6
962EF3E069A0340E45045DB4E86C011341443CBD66C23EE063DE799ECFBEFEBF,6
BECCB952141881CC3BC6F4E38531647426C1A18708942F605E0C9A77F6D2A449,6
EDA4CF7D3C85007A4DD3E3A90669219FA403EF6A04D2FAAD73E5CCB24583C2D9,6
9851B89594FF647D52F8966E52044147DFFC85A34FB5EE9983BBE1DA769C9E6E,6
9F1320FDBB814CB61ED0447F87366439085EC07D06E4C577409622C79AB06700,6
A0D0A837EA2D6D5E8ACFB359CC29B7823315A489484A0810CD1F5EA26749F448,6
1C6EF951FD6C691F95092E211DA4783B5CB0D2BF6168C4976BB04CD3AB6817C0,6
FE330C6AABCE4FAE5B63C1FFA4CDFB2DEEBBAF8D389ADBDC410856DFF917F649,6
F74CE6EE65EFDF82257EC680A3045787822EB367F72813C662F065CB2F18C50D,6
038476F1705F3AC1237AC57F4C1753E0AA085DD7CDA5669D4E93399CF7A565AF,7
A8CDBD1718540F2F7B599166028169C85C4AFCCF7795B230F0FA2C95474AF78A,7
B228C4581BB073D79B5C05F6DC0831BE69BD12FF4CD74FF4112BF3CECBE5147B,7
454DB077D72F5CA07FCEA84E40987038126F5C6D49466564F082594E9AF7F74F,8
274E6C485E0077C279BFE655F36BD3DF1A09ADBE81847AB083A1F2DAECDB0A05,8
CCB6B920AD401D572A1B37C9B5483694DA03DC45C676ECC2F4CB1ACBD35737C8,8